Category,name,year,genres,platforms
MOVIE,The Shawshank Redemption,1994,"Drama,Crime","Netflix,Max,Amazon Prime Video,Apple TV"
MOVIE,The Godfather,1972,"Crime,Drama","Netflix,Paramount Plus,Showtime,Amazon Prime Video,Apple TV"
MOVIE,The Dark Knight,2008,"Action,Crime,Drama","Netflix,Max,Amazon Prime Video,Apple TV"
MOVIE,12 Angry Men,1957,Drama,"Amazon Prime Video,Apple TV"
MOVIE,The Lord of the Rings: The Return of the King,2003,"Action,Adventure,Drama,Fantasy","Max,Amazon Prime Video,Apple TV"
MOVIE,Pulp Fiction,1994,"Crime,Drama","Netflix,Amazon Prime Video,Apple TV"
MOVIE,Schindler's List,1993,"Biography,Drama,History,War","Netflix,Amazon Prime Video,Apple TV"
MOVIE,Forrest Gump,1994,"Drama,Romance","Netflix,Amazon Prime Video,Apple TV"
MOVIE,Fight Club,1999,Drama,"Amazon Prime Video,Apple TV"
MOVIE,Inception,2010,"Action,Adventure,Sci-Fi,Thriller","Netflix,Amazon Prime Video,Apple TV"
MOVIE,Goodfellas,1990,"Biography,Crime,Drama","Netflix,Amazon Prime Video,Apple TV"
MOVIE,One Flew Over the Cuckoo's Nest,1975,Drama,"Netflix,Amazon Prime Video,Apple TV"
MOVIE,Seven Samurai,1954,"Action,Adventure,Drama","Amazon Prime Video,Apple TV"
MOVIE,City of God,2002,"Crime,Drama","Netflix,Amazon Prime Video,Apple TV"
MOVIE,The Matrix,1999,"Action,Sci-Fi","Netflix,Max,Amazon Prime Video,Apple TV"
MOVIE,Star Wars: Episode V - The Empire Strikes Back,1980,"Action,Adventure,Fantasy,Sci-Fi","Disney Plus,Amazon Prime Video,Apple TV"
MOVIE,Interstellar,2014,"Adventure,Drama,Sci-Fi","Netflix,Amazon Prime Video,Apple TV"
MOVIE,Spirited Away,2001,"Animation,Adventure,Family,Fantasy","Netflix,Max,Amazon Prime Video,Apple TV"
MOVIE,The Lord of the Rings: The Fellowship of the Ring,2001,"Action,Adventure,Drama,Fantasy","Max,Amazon Prime Video,Apple TV"
MOVIE,The Lord of the Rings: The Two Towers,2002,"Action,Adventure,Drama,Fantasy","Max,Amazon Prime Video,Apple TV"
MOVIE,Se7en,1995,"Crime,Drama,Mystery,Thriller","Netflix,Amazon Prime Video,Apple TV"
MOVIE,It's a Wonderful Life,1946,"Drama,Family,Fantasy","Amazon Prime Video,Apple TV"
MOVIE,The Silence of the Lambs,1991,"Crime,Drama,Thriller","Max,Amazon Prime Video,Apple TV"
MOVIE,Savings Private Ryan,1998,"Drama,War","Netflix,Amazon Prime Video,Apple TV"
MOVIE,Life Is Beautiful,1997,"Comedy,Drama,Romance,War","Amazon Prime Video,Apple TV"
MOVIE,Leon: The Professional,1994,"Action,Crime,Drama,Thriller","Netflix,Amazon Prime Video,Apple TV"
MOVIE,The Green Mile,1999,"Crime,Drama,Fantasy,Mystery","Netflix,Amazon Prime Video,Apple TV"
MOVIE,Star Wars,1977,"Action,Adventure,Fantasy,Sci-Fi","Disney Plus,Amazon Prime Video,Apple TV"
MOVIE,Terminator 2: Judgment Day,1991,"Action,Sci-Fi","Netflix,Amazon Prime Video,Apple TV"
MOVIE,Back to the Future,1985,"Adventure,Comedy,Sci-Fi","Netflix,Amazon Prime Video,Apple TV"
MOVIE,Whiplash,2014,"Drama,Music","Netflix,Amazon Prime Video,Apple TV"
MOVIE,Gladiator,2000,"Action,Adventure,Drama","Netflix,Amazon Prime Video,Apple TV"
MOVIE,The Prestige,2006,"Drama,Mystery,Sci-Fi,Thriller","Amazon Prime Video,Apple TV"
MOVIE,The Lion King,1994,"Animation,Adventure,Drama,Family,Musical","Disney Plus,Amazon Prime Video,Apple TV"
MOVIE,The Departed,2006,"Crime,Drama,Thriller","Netflix,Amazon Prime Video,Apple TV"
MOVIE,The Pianist,2002,"Biography,Drama,Music,War","Amazon Prime Video,Apple TV"
MOVIE,Apocalypse Now,1979,"Drama,War","Amazon Prime Video,Apple TV"
MOVIE,American History X,1998,"Crime,Drama","Amazon Prime Video,Apple TV"
MOVIE,Casablanca,1942,"Drama,Romance,War","Amazon Prime Video,Apple TV"
MOVIE,Saving Private Ryan,1998,"Drama,War","Netflix,Amazon Prime Video,Apple TV"
MOVIE,City Lights,1931,"Comedy,Drama,Romance","Amazon Prime Video,Apple TV"
MOVIE,Psycho,1960,"Horror,Mystery,Thriller","Peacock,Amazon Prime Video,Apple TV"
MOVIE,Rear Window,1954,"Mystery,Thriller","Peacock,Amazon Prime Video,Apple TV"
MOVIE,Once Upon a Time in the West,1968,Western,"Amazon Prime Video,Apple TV"
MOVIE,The Usual Suspects,1995,"Crime,Drama,Mystery,Thriller","Amazon Prime Video,Apple TV"
MOVIE,Alien,1979,"Horror,Sci-Fi","Hulu,Amazon Prime Video,Apple TV"
MOVIE,Citizen Kane,1941,"Drama,Mystery","Amazon Prime Video,Apple TV"
MOVIE,Memento,2000,"Mystery,Thriller","Amazon Prime Video,Apple TV"
MOVIE,Indiana Jones and the Raiders of the Lost Ark,1981,"Action,Adventure","Disney Plus,Amazon Prime Video,Apple TV"
MOVIE,The Great Dictator,1940,"Comedy,Drama,War","Amazon Prime Video,Apple TV"
MOVIE,Modern Times,1936,"Comedy,Drama,Romance","Amazon Prime Video,Apple TV"
MOVIE,Avengers: Infinity War,2018,"Action,Adventure,Sci-Fi","Disney Plus,Amazon Prime Video,Apple TV"
MOVIE,Avengers: Endgame,2019,"Action,Adventure,Drama,Sci-Fi","Disney Plus,Amazon Prime Video,Apple TV"
MOVIE,Joker,2019,"Crime,Drama,Thriller","Netflix,Max,Amazon Prime Video,Apple TV"
MOVIE,WALL-E,2008,"Animation,Adventure,Family,Romance,Sci-Fi","Disney Plus,Amazon Prime Video,Apple TV"
MOVIE,Oldboy,2003,"Action,Drama,Mystery,Thriller","Amazon Prime Video,Apple TV"
MOVIE,Princess Mononoke,1997,"Animation,Action,Adventure,Fantasy","Netflix,Max,Amazon Prime Video,Apple TV"
MOVIE,Once Upon a Time in America,1984,"Crime,Drama","Amazon Prime Video,Apple TV"
MOVIE,Grave of the Fireflies,1988,"Animation,Drama,War","Amazon Prime Video,Apple TV"
MOVIE,Aliens,1986,"Action,Adventure,Horror,Sci-Fi","Hulu,Amazon Prime Video,Apple TV"
MOVIE,Toy Story,1995,"Animation,Adventure,Comedy,Family,Fantasy","Disney Plus,Amazon Prime Video,Apple TV"
MOVIE,Coco,2017,"Animation,Adventure,Comedy,Family,Fantasy,Mystery","Disney Plus,Amazon Prime Video,Apple TV"
MOVIE,Braveheart,1995,"Biography,Drama,History,War","Amazon Prime Video,Apple TV"
MOVIE,Amélie,2001,"Comedy,Romance","Amazon Prime Video,Apple TV"
MOVIE,Good Will Hunting,1997,"Drama,Romance","Amazon Prime Video,Apple TV"
MOVIE,Requiem for a Dream,2000,Drama,"Amazon Prime Video,Apple TV"
MOVIE,Toy Story 3,2010,"Animation,Adventure,Comedy,Drama,Family,Fantasy","Disney Plus,Amazon Prime Video,Apple TV"
MOVIE,3 Idiots,2009,"Comedy,Drama","Amazon Prime Video,Apple TV"
MOVIE,Singin' in the Rain,1952,"Comedy,Musical,Romance","Amazon Prime Video,Apple TV"
MOVIE,Eternal Sunshine of the Spotless Mind,2004,"Drama,Romance,Sci-Fi","Amazon Prime Video,Apple TV"
MOVIE,Full Metal Jacket,1987,"Drama,War","Amazon Prime Video,Apple TV"
MOVIE,Bicycle Thieves,1948,Drama,"Amazon Prime Video,Apple TV"
MOVIE,The Hunt,2012,Drama,"Amazon Prime Video,Apple TV"
MOVIE,North by Northwest,1959,"Adventure,Mystery,Thriller","Amazon Prime Video,Apple TV"
MOVIE,Vertigo,1958,"Mystery,Romance,Thriller","Amazon Prime Video,Apple TV"
MOVIE,Lawrence of Arabia,1962,"Adventure,Biography,Drama,History,War","Amazon Prime Video,Apple TV"
MOVIE,Reservoir Dogs,1992,"Crime,Drama,Thriller","Amazon Prime Video,Apple TV"
MOVIE,Das Boot,1981,"Adventure,Drama,Thriller,War","Amazon Prime Video,Apple TV"
MOVIE,A Clockwork Orange,1971,"Crime,Drama,Sci-Fi","Max,Amazon Prime Video,Apple TV"
MOVIE,Double Indemnity,1944,"Crime,Drama,Film-Noir","Amazon Prime Video,Apple TV"
MOVIE,Taxi Driver,1976,"Crime,Drama","Amazon Prime Video,Apple TV"
MOVIE,The Shining,1980,"Drama,Horror","Max,Amazon Prime Video,Apple TV"
MOVIE,Heat,1995,"Action,Crime,Drama,Thriller","Amazon Prime Video,Apple TV"
MOVIE,2001: A Space Odyssey,1968,"Adventure,Sci-Fi","Max,Amazon Prime Video,Apple TV"
MOVIE,Metropolis,1927,"Drama,Sci-Fi","Amazon Prime Video,Apple TV"
MOVIE,Rashomon,1950,"Crime,Drama,Mystery","Amazon Prime Video,Apple TV"
MOVIE,The Apartment,1960,"Comedy,Drama,Romance","Amazon Prime Video,Apple TV"
MOVIE,Some Like It Hot,1959,"Comedy,Romance","Amazon Prime Video,Apple TV"
MOVIE,Scarface,1983,"Crime,Drama","Amazon Prime Video,Apple TV"
MOVIE,Pan's Labyrinth,2006,"Drama,Fantasy,War","Amazon Prime Video,Apple TV"
MOVIE,Die Hard,1988,"Action,Thriller","Amazon Prime Video,Apple TV"
MOVIE,The Truman Show,1998,"Comedy,Drama","Amazon Prime Video,Apple TV"
MOVIE,Blade Runner,1982,"Action,Drama,Sci-Fi,Thriller","Netflix,Amazon Prime Video,Apple TV"
MOVIE,The Big Lebowski,1998,"Comedy,Crime","Amazon Prime Video,Apple TV"
MOVIE,No Country for Old Men,2007,"Crime,Drama,Thriller","Amazon Prime Video,Apple TV"
MOVIE,Snatch,2000,"Comedy,Crime","Netflix,Amazon Prime Video,Apple TV"
MOVIE,Kill Bill: Vol. 1,2003,"Action,Crime,Thriller","Amazon Prime Video,Apple TV"
MOVIE,Gladiator,2000,"Action,Adventure,Drama","Netflix,Apple TV,Amazon Prime"
MOVIE,Cast Away,2000,"Adventure,Drama","Netflix,Hulu,Apple TV"
MOVIE,"Crouching Tiger, Hidden Dragon",2000,"Action,Adventure,Drama,Romance","Netflix,Disney+,Apple TV"
MOVIE,Mission: Impossible 2,2000,"Action,Adventure,Thriller","Paramount+,Apple TV,Amazon Prime"
MOVIE,X-Men,2000,"Action,Adventure,Sci-Fi","Disney+,Hulu,Apple TV"
MOVIE,Meet the Parents,2000,Comedy,"Netflix,Peacock,Apple TV"
MOVIE,Erin Brockovich,2000,"Biography,Drama","Netflix,Hulu,Apple TV"
MOVIE,The Perfect Storm,2000,"Action,Adventure,Drama,Thriller","Max,HBO Max,Apple TV"
MOVIE,What Women Want,2000,"Comedy,Fantasy,Romance","Hulu,Disney+,Apple TV"
MOVIE,Snatch,2000,"Comedy,Crime","Netflix,Apple TV,Amazon Prime"
MOVIE,Almost Famous,2000,"Drama,Music,Romance","Paramount+,Showtime,Apple TV"
MOVIE,Requiem for a Dream,2000,Drama,"Netflix,Hulu,Apple TV"
MOVIE,American Psycho,2000,"Crime,Drama,Horror","Hulu,Apple TV,Amazon Prime"
MOVIE,Scary Movie,2000,Comedy,"Netflix,Hulu,Apple TV"
MOVIE,Billy Elliot,2000,"Drama,Music","Netflix,Apple TV"
MOVIE,Girlfight,2000,Drama,"Hulu,Apple TV"
MOVIE,State and Main,2000,"Comedy,Drama","Apple TV,Amazon Prime"
MOVIE,The Emperor's New Groove,2000,"Animation,Adventure,Comedy,Family,Fantasy,Musical","Disney+,Apple TV"
MOVIE,Nurse Betty,2000,"Comedy,Drama,Romance,Thriller","Hulu,Apple TV"
MOVIE,Thirteen Days,2000,"Drama,History,Thriller","Apple TV,Amazon Prime"
MOVIE,High Fidelity,2000,"Comedy,Drama,Music,Romance","Hulu,Disney+,Apple TV"
MOVIE,Dinosaur,2000,"Animation,Adventure,Drama,Family,Fantasy,Sci-Fi","Disney+,Apple TV"
MOVIE,Chicken Run,2000,"Animation,Adventure,Comedy,Family","Netflix,Apple TV"
MOVIE,Road to Perdition,2000,"Crime,Drama,Thriller","Netflix,Paramount+,Apple TV"
MOVIE,"O Brother, Where Art Thou?",2000,"Adventure,Comedy,Music","Hulu,Peacock,Apple TV"
MOVIE,Traffic,2000,"Crime,Drama,Thriller","Netflix,Apple TV"
MOVIE,Best in Show,2000,Comedy,"Hulu,Apple TV,Amazon Prime"
MOVIE,Finding Forrester,2000,Drama,"Netflix,Hulu,Apple TV"
MOVIE,Unbreakable,2000,"Drama,Fantasy,Thriller","Disney+,Hulu,Apple TV"
MOVIE,Remember the Titans,2000,"Drama,Sport","Disney+,Hulu,Apple TV"
MOVIE,Space Cowboys,2000,"Action,Adventure,Drama,Thriller","HBO Max,Apple TV"
MOVIE,What Lies Beneath,2000,"Drama,Fantasy,Horror,Mystery,Thriller","Paramount+,Apple TV"
MOVIE,The Contender,2000,"Drama,Thriller","Hulu,Apple TV"
MOVIE,Pay It Forward,2000,Drama,"Netflix,Hulu,Apple TV"
MOVIE,Vertical Limit,2000,"Action,Adventure,Drama,Thriller","Apple TV,Amazon Prime"
MOVIE,Dr. T & the Women,2000,"Comedy,Drama,Romance","Hulu,Apple TV"
MOVIE,The Kid,2000,"Comedy,Drama,Fantasy","Disney+,Hulu,Apple TV"
MOVIE,Big Eden,2000,"Drama,Romance","Apple TV,Amazon Prime"
MOVIE,Quills,2000,"Biography,Drama","Netflix,Showtime,Apple TV"
MOVIE,The House of Mirth,2000,"Drama,Romance","Hulu,Apple TV"
MOVIE,Yi Yi,2000,"Drama,Romance","Criterion Channel,Apple TV"
MOVIE,Battle Royale,2000,"Action,Drama,Thriller","Hulu,Apple TV"
MOVIE,In the Mood for Love,2000,"Drama,Romance","Criterion Channel,Netflix,Apple TV"
MOVIE,Amores Perros,2000,"Drama,Thriller","Netflix,Hulu,Apple TV"
MOVIE,Chuck & Buck,2000,"Comedy,Drama","Hulu,Apple TV"
MOVIE,Shadow of the Vampire,2000,"Drama,Horror","Apple TV,Amazon Prime"
MOVIE,George Washington,2000,Drama,"Hulu,Apple TV"
MOVIE,The Original Kings of Comedy,2000,"Comedy,Documentary","Netflix,Apple TV"
MOVIE,Frequency,2000,"Crime,Drama,Sci-Fi,Thriller","Hulu,Apple TV"
MOVIE,Dancer in the Dark,2000,"Crime,Drama,Musical","Criterion Channel,Apple TV"
MOVIE,The Dark Knight,2008,"Action,Crime,Drama","Max,Netflix,Apple TV"
MOVIE,Inception,2010,"Action,Adventure,Sci-Fi","Netflix,HBO Max,Apple TV"
MOVIE,Interstellar,2014,"Adventure,Drama,Sci-Fi","Paramount+,Netflix,Apple TV"
MOVIE,The Lord of the Rings: The Return of the King,2003,"Action,Adventure,Drama,Fantasy","Max,HBO Max,Apple TV"
MOVIE,The Lord of the Rings: The Fellowship of the Ring,2001,"Action,Adventure,Drama,Fantasy","Max,HBO Max,Apple TV"
MOVIE,The Lord of the Rings: The Two Towers,2002,"Action,Adventure,Drama,Fantasy","Max,HBO Max,Apple TV"
MOVIE,Gladiator,2000,"Action,Adventure,Drama","Netflix,Paramount+,Apple TV"
MOVIE,Parasite,2019,"Drama,Thriller","Hulu,Max,Apple TV"
MOVIE,Spider-Man: Into the Spider-Verse,2018,"Animation,Action,Adventure","Netflix,Disney+,Apple TV"
MOVIE,Spirited Away,2001,"Animation,Adventure,Family,Fantasy","Max,HBO Max,Apple TV"
MOVIE,Dune: Part Two,2024,"Action,Adventure,Drama,Sci-Fi","Max,HBO Max,Netflix"
MOVIE,Oppenheimer,2023,"Biography,Drama,History","Peacock,Apple TV"
MOVIE,Top Gun: Maverick,2022,"Action,Drama","Paramount+,Netflix,Apple TV"
MOVIE,Avengers: Endgame,2019,"Action,Adventure,Drama,Sci-Fi","Disney+,Apple TV"
MOVIE,Spider-Man: No Way Home,2021,"Action,Adventure,Sci-Fi","Netflix,Starz,Apple TV"
MOVIE,Joker,2019,"Crime,Drama,Thriller","Max,HBO Max,Apple TV"
MOVIE,The Wolf of Wall Street,2013,"Biography,Crime,Drama","Netflix,Paramount+,Apple TV"
MOVIE,The Departed,2006,"Crime,Drama,Thriller","Netflix,Max,Apple TV"
MOVIE,The Prestige,2006,"Drama,Mystery,Sci-Fi,Thriller","Netflix,Apple TV"
MOVIE,Shutter Island,2010,"Drama,Mystery,Thriller","Netflix,HBO Max,Apple TV"
MOVIE,Mad Max: Fury Road,2015,"Action,Adventure,Sci-Fi","Max,HBO Max,Apple TV"
MOVIE,Whiplash,2014,"Drama,Music","Netflix,Hulu,Apple TV"
MOVIE,Get Out,2017,"Horror,Mystery,Thriller","Peacock,Apple TV"
MOVIE,La La Land,2016,"Comedy,Drama,Music,Romance","Netflix,Showtime,Apple TV"
MOVIE,Knives Out,2019,"Comedy,Mystery","Netflix,Apple TV"
MOVIE,The Social Network,2010,"Biography,Drama","Netflix,Max,Apple TV"
MOVIE,Zootopia,2016,"Animation,Adventure,Comedy,Family","Disney+,Apple TV"
MOVIE,Inside Out,2015,"Animation,Adventure,Comedy,Drama,Family","Disney+,Apple TV"
MOVIE,Coco,2017,"Animation,Adventure,Family,Fantasy,Music","Disney+,Apple TV"
MOVIE,The Grand Budapest Hotel,2014,"Comedy,Drama","Disney+,Hulu,Apple TV"
MOVIE,Birdman or (The Unexpected Virtue of Ignorance),2014,"Comedy,Drama","Hulu,Apple TV"
MOVIE,Her,2013,"Drama,Romance,Sci-Fi","Netflix,Apple TV"
MOVIE,12 Years a Slave,2013,"Biography,Drama,History","Netflix,Apple TV"
MOVIE,Gravity,2013,"Drama,Sci-Fi,Thriller","Max,HBO Max,Apple TV"
MOVIE,Spotlight,2015,"Biography,Crime,Drama","Netflix,Showtime,Apple TV"
MOVIE,The Revenant,2015,"Adventure,Biography,Drama,Thriller","Hulu,Apple TV"
MOVIE,Avengers: Infinity War,2018,"Action,Adventure,Sci-Fi","Disney+,Apple TV"
MOVIE,Black Panther,2018,"Action,Adventure,Sci-Fi","Disney+,Apple TV"
MOVIE,Nomadland,2020,Drama,"Hulu,Apple TV"
MOVIE,Soul,2020,"Animation,Adventure,Comedy,Drama,Family, Fantasy,Music","Disney+,Apple TV"
MOVIE,Dune,2021,"Action,Adventure,Drama,Sci-Fi","Max,HBO Max,Apple TV"
MOVIE,Everything Everywhere All at Once,2022,"Action,Adventure,Comedy,Sci-Fi","Netflix,Showtime,Apple TV"
MOVIE,The Zone of Interest,2023,"Drama,History,War","Apple TV,Mubi"
MOVIE,Barbie,2023,Comedy,"Max,HBO Max,Apple TV"
MOVIE,Poor Things,2023,"Adventure,Comedy,Sci-Fi","Hulu,Apple TV"
MOVIE,The Wild Robot,2024,"Animation,Adventure,Drama,Family",Apple TV+
MOVIE,Spider-Man: Across the Spider-Verse,2023,"Animation,Action,Adventure,Sci-Fi","Netflix,Apple TV"
MOVIE,RRR,2022,"Action,Drama","Netflix,Apple TV"
MOVIE,Minari,2020,Drama,"Apple TV,A24"
MOVIE,Anora,2024,"Comedy,Drama","Apple TV+,Mubi,Netflix"
MOVIE,Nosferatu,2024,"Horror,Mystery,Thriller","Max,HBO Max,Apple TV"
MOVIE,Aftersun,2022,Drama,"Apple TV+,Mubi,Hulu"
MOVIE,The Substance,2024,"Horror,Sci-Fi,Thriller","Apple TV+,Netflix"
MOVIE,All Quiet on the Western Front,2022,"Action,Drama,War",Netflix
MOVIE,Strange Darling,2023,Thriller,"Apple TV+,Amazon Prime"
MOVIE,The Holdovers,2023,"Comedy,Drama","Peacock,Apple TV"
MOVIE,Puss in Boots: The Last Wish,2022,"Animation,Adventure,Comedy,Family,Fantasy","Netflix,Peacock,Apple TV"
MOVIE,Soul,2020,"Animation,Adventure,Comedy,Drama,Family,Music","Disney+,Apple TV"
MOVIE,Promising Young Woman,2020,"Crime,Drama,Thriller","Max,HBO Max,Apple TV"
MOVIE,All of Us Strangers,2023,"Drama,Fantasy,Romance","Hulu,Apple TV"
MOVIE,Speak No Evil,2024,"Horror,Thriller","Peacock,Apple TV"
MOVIE,Love Lies Bleeding,2024,"Crime,Drama,Romance,Thriller","Max,HBO Max,Apple TV"
MOVIE,Barbarian,2022,"Horror,Mystery,Thriller","Max,HBO Max,Disney+"
MOVIE,Oddity,2024,"Horror,Mystery","Apple TV+,Shudder"
MOVIE,Another Round,2020,"Comedy,Drama","Netflix,Hulu"
MOVIE,Minari,2020,Drama,"Apple TV+,A24,Netflix"
MOVIE,Nomadland,2020,Drama,"Hulu,Disney+,Apple TV"
MOVIE,The Father,2020,Drama,"Netflix,Apple TV"
MOVIE,Hamilton,2020,"Biography,Drama,History,Musical",Disney+
MOVIE,Dune: Part Two,2024,"Action,Adventure,Drama,Sci-Fi","Max,HBO Max,Netflix"
MOVIE,Oppenheimer,2023,"Biography,Drama,History","Peacock,Apple TV"
MOVIE,Top Gun: Maverick,2022,"Action,Drama","Paramount+,Netflix,Apple TV"
MOVIE,Everything Everywhere All at Once,2022,"Action,Adventure,Comedy,Sci-Fi","Netflix,Showtime,Apple TV"
MOVIE,The Zone of Interest,2023,"Drama,History,War","Apple TV+,Mubi"
MOVIE,Poor Things,2023,"Adventure,Comedy,Sci-Fi","Hulu,Apple TV"
MOVIE,Barbie,2023,Comedy,"Max,HBO Max,Apple TV"
MOVIE,Spider-Man: Across the Spider-Verse,2023,"Animation,Action,Adventure,Sci-Fi","Netflix,Apple TV"
MOVIE,The Boy and the Heron,2023,"Animation,Adventure,Drama,Fantasy","Max,HBO Max,Apple TV"
MOVIE,Past Lives,2023,"Drama,Romance","Apple TV+,Mubi,Netflix"
MOVIE,Anatomy of a Fall,2023,"Crime,Drama,Mystery","Peacock,Hulu"
MOVIE,The Holdovers,2023,"Comedy,Drama","Peacock,Apple TV"
MOVIE,Killers of the Flower Moon,2023,"Crime,Drama,History","Apple TV+,Paramount+"
MOVIE,Maestro,2023,"Biography,Drama,Romance",Netflix
MOVIE,American Fiction,2023,"Comedy,Drama","Amazon Prime,Apple TV"
MOVIE,Godzilla Minus One,2023,"Action,Adventure,Drama,Sci-Fi",Netflix
MOVIE,Sinners,2025,Horror,"Apple TV+,Netflix"
MOVIE,F1,2025,"Action,Drama",Apple TV+
MOVIE,28 Years Later,2025,"Horror,Sci-Fi","Sony Pictures,Apple TV"
MOVIE,A Complete Unknown,2024,"Biography,Drama,Music",Netflix
MOVIE,Challengers,2024,"Drama,Romance,Sport","Amazon Prime,Apple TV"
MOVIE,Furiosa: A Mad Max Saga,2024,"Action,Adventure,Sci-Fi","Max,HBO Max"
MOVIE,Kingdom of the Planet of the Apes,2024,"Action,Adventure,Sci-Fi","Hulu,Disney+,Apple TV"
MOVIE,Inside Out 2,2024,"Animation,Comedy,Drama,Family","Disney+,Apple TV"
MOVIE,Deadpool & Wolverine,2024,"Action,Adventure,Comedy,Sci-Fi","Disney+,Apple TV"
MOVIE,Longlegs,2024,"Horror,Mystery,Thriller","Neon,Apple TV"
MOVIE,Twisters,2024,"Action,Adventure,Thriller","Universal,Peacock"
MOVIE,The Wild Robot,2024,"Animation,Adventure,Drama,Family",Apple TV+
MOVIE,Wicked,2024,"Adventure,Family,Fantasy,Musical","Universal,Peacock"
MOVIE,Gladiator II,2024,"Action,Adventure,Drama","Paramount+,Apple TV"
SERIES,Breaking Bad - Season 1,2008,"Crime,Drama,Thriller",Netflix
SERIES,Breaking Bad - Season 2,2009,"Crime,Drama,Thriller",Netflix
SERIES,Breaking Bad - Season 3,2010,"Crime,Drama,Thriller",Netflix
SERIES,Breaking Bad - Season 4,2011,"Crime,Drama,Thriller",Netflix
SERIES,Breaking Bad - Season 5,2012,"Crime,Drama,Thriller",Netflix
SERIES,Game of Thrones - Season 1,2011,"Drama,Fantasy,Adventure",HBO Max
SERIES,Game of Thrones - Season 2,2012,"Drama,Fantasy,Adventure",HBO Max
SERIES,Game of Thrones - Season 3,2013,"Drama,Fantasy,Adventure",HBO Max
SERIES,Game of Thrones - Season 4,2014,"Drama,Fantasy,Adventure",HBO Max
SERIES,Game of Thrones - Season 5,2015,"Drama,Fantasy,Adventure",HBO Max
SERIES,Game of Thrones - Season 6,2016,"Drama,Fantasy,Adventure",HBO Max
SERIES,Game of Thrones - Season 7,2017,"Drama,Fantasy,Adventure",HBO Max
SERIES,Game of Thrones - Season 8,2019,"Drama,Fantasy,Adventure",HBO Max
SERIES,The Sopranos - Season 1,1999,"Crime,Drama",HBO Max
SERIES,The Sopranos - Season 2,2000,"Crime,Drama",HBO Max
SERIES,The Sopranos - Season 3,2001,"Crime,Drama",HBO Max
SERIES,The Sopranos - Season 4,2002,"Crime,Drama",HBO Max
SERIES,The Sopranos - Season 5,2004,"Crime,Drama",HBO Max
SERIES,The Sopranos - Season 6,2006,"Crime,Drama",HBO Max
SERIES,The Wire - Season 1,2002,"Crime,Drama",HBO Max
SERIES,The Wire - Season 2,2003,"Crime,Drama",HBO Max
SERIES,The Wire - Season 3,2004,"Crime,Drama",HBO Max
SERIES,The Wire - Season 4,2006,"Crime,Drama",HBO Max
SERIES,The Wire - Season 5,2008,"Crime,Drama",HBO Max
SERIES,Stranger Things - Season 1,2016,"Drama,Sci-Fi,Horror",Netflix
SERIES,Stranger Things - Season 2,2017,"Drama,Sci-Fi,Horror",Netflix
SERIES,Stranger Things - Season 3,2019,"Drama,Sci-Fi,Horror",Netflix
SERIES,Stranger Things - Season 4,2022,"Drama,Sci-Fi,Horror",Netflix
SERIES,Better Call Saul - Season 1,2015,"Crime,Drama",Netflix
SERIES,Better Call Saul - Season 2,2016,"Crime,Drama",Netflix
SERIES,Better Call Saul - Season 3,2017,"Crime,Drama",Netflix
SERIES,Better Call Saul - Season 4,2018,"Crime,Drama",Netflix
SERIES,Better Call Saul - Season 5,2020,"Crime,Drama",Netflix
SERIES,Better Call Saul - Season 6,2022,"Crime,Drama",Netflix
SERIES,Chernobyl - Season 1,2019,"Drama,History",HBO Max
SERIES,Friends - Season 1,1994,"Comedy,Romance",HBO Max
SERIES,Friends - Season 2,1995,"Comedy,Romance",HBO Max
SERIES,Friends - Season 3,1996,"Comedy,Romance",HBO Max
SERIES,Friends - Season 4,1997,"Comedy,Romance",HBO Max
SERIES,Friends - Season 5,1998,"Comedy,Romance",HBO Max
SERIES,Friends - Season 6,1999,"Comedy,Romance",HBO Max
SERIES,Friends - Season 7,2000,"Comedy,Romance",HBO Max
SERIES,Friends - Season 8,2001,"Comedy,Romance",HBO Max
SERIES,Friends - Season 9,2002,"Comedy,Romance",HBO Max
SERIES,Friends - Season 10,2003,"Comedy,Romance",HBO Max
SERIES,The Office (US) - Season 1,2005,Comedy,Peacock
SERIES,The Office (US) - Season 2,2005,Comedy,Peacock
SERIES,The Office (US) - Season 3,2006,Comedy,Peacock
SERIES,The Office (US) - Season 4,2007,Comedy,Peacock
SERIES,The Office (US) - Season 5,2008,Comedy,Peacock
SERIES,The Office (US) - Season 6,2009,Comedy,Peacock
SERIES,The Office (US) - Season 7,2010,Comedy,Peacock
SERIES,The Office (US) - Season 8,2011,Comedy,Peacock
SERIES,The Office (US) - Season 9,2012,Comedy,Peacock
SERIES,Dark - Season 1,2017,"Drama,Sci-Fi,Thriller",Netflix
SERIES,Dark - Season 2,2019,"Drama,Sci-Fi,Thriller",Netflix
SERIES,Dark - Season 3,2020,"Drama,Sci-Fi,Thriller",Netflix
SERIES,Mad Men - Season 1,2007,Drama,Amazon Prime Video
SERIES,Mad Men - Season 2,2008,Drama,Amazon Prime Video
SERIES,Mad Men - Season 3,2009,Drama,Amazon Prime Video
SERIES,Mad Men - Season 4,2010,Drama,Amazon Prime Video
SERIES,Mad Men - Season 5,2012,Drama,Amazon Prime Video
SERIES,Mad Men - Season 6,2013,Drama,Amazon Prime Video
SERIES,Mad Men - Season 7,2014,Drama,Amazon Prime Video
SERIES,The Crown - Season 1,2016,"Drama,History,Biography",Netflix
SERIES,The Crown - Season 2,2017,"Drama,History,Biography",Netflix
SERIES,The Crown - Season 3,2019,"Drama,History,Biography",Netflix
SERIES,The Crown - Season 4,2020,"Drama,History,Biography",Netflix
SERIES,The Crown - Season 5,2022,"Drama,History,Biography",Netflix
SERIES,The Crown - Season 6,2023,"Drama,History,Biography",Netflix
SERIES,House of the Dragon - Season 1,2022,"Drama,Fantasy,Adventure",HBO Max
SERIES,House of the Dragon - Season 2,2024,"Drama,Fantasy,Adventure",HBO Max
SERIES,The Mandalorian - Season 1,2019,"Sci-Fi,Adventure,Action",Disney+
SERIES,The Mandalorian - Season 2,2020,"Sci-Fi,Adventure,Action",Disney+
SERIES,The Mandalorian - Season 3,2023,"Sci-Fi,Adventure,Action",Disney+
SERIES,The Last of Us - Season 1,2023,"Drama,Post-Apocalyptic,Thriller",HBO Max
SERIES,Succession - Season 1,2018,Drama,HBO Max
SERIES,Succession - Season 2,2019,Drama,HBO Max
SERIES,Succession - Season 3,2021,Drama,HBO Max
SERIES,Succession - Season 4,2023,Drama,HBO Max
SERIES,Black Mirror - Season 1,2011,"Sci-Fi,Drama,Thriller",Netflix
SERIES,Black Mirror - Season 2,2013,"Sci-Fi,Drama,Thriller",Netflix
SERIES,Black Mirror - Season 3,2016,"Sci-Fi,Drama,Thriller",Netflix
SERIES,Black Mirror - Season 4,2017,"Sci-Fi,Drama,Thriller",Netflix
SERIES,Black Mirror - Season 5,2019,"Sci-Fi,Drama,Thriller",Netflix
SERIES,Black Mirror - Season 6,2023,"Sci-Fi,Drama,Thriller",Netflix
SERIES,Peaky Blinders - Season 1,2013,"Crime,Drama",Netflix
SERIES,Peaky Blinders - Season 2,2014,"Crime,Drama",Netflix
SERIES,Peaky Blinders - Season 3,2016,"Crime,Drama",Netflix
SERIES,Peaky Blinders - Season 4,2017,"Crime,Drama",Netflix
SERIES,Peaky Blinders - Season 5,2019,"Crime,Drama",Netflix
SERIES,Peaky Blinders - Season 6,2022,"Crime,Drama",Netflix
SERIES,Sherlock - Season 1,2010,"Crime,Drama,Mystery",Amazon Prime Video
SERIES,Sherlock - Season 2,2012,"Crime,Drama,Mystery",Amazon Prime Video
SERIES,Sherlock - Season 3,2014,"Crime,Drama,Mystery",Amazon Prime Video
SERIES,Sherlock - Season 4,2017,"Crime,Drama,Mystery",Amazon Prime Video
SERIES,The Boys - Season 1,2019,"Action,Drama,Superhero",Amazon Prime Video
SERIES,The Boys - Season 2,2020,"Action,Drama,Superhero",Amazon Prime Video
SERIES,The Boys - Season 3,2022,"Action,Drama,Superhero",Amazon Prime Video
SERIES,The Boys - Season 4,2024,"Action,Drama,Superhero",Amazon Prime Video
SERIES,Westworld - Season 1,2016,"Sci-Fi,Drama,Western",HBO Max
SERIES,Westworld - Season 2,2018,"Sci-Fi,Drama,Western",HBO Max
SERIES,Westworld - Season 3,2020,"Sci-Fi,Drama",HBO Max
SERIES,Westworld - Season 4,2022,"Sci-Fi,Drama",HBO Max
SERIES,Lost - Season 1,2004,"Drama,Mystery,Adventure",Disney+
SERIES,Lost - Season 2,2005,"Drama,Mystery,Adventure",Disney+
SERIES,Lost - Season 3,2006,"Drama,Mystery,Adventure",Disney+
SERIES,Lost - Season 4,2008,"Drama,Mystery,Adventure",Disney+
SERIES,Lost - Season 5,2009,"Drama,Mystery,Adventure",Disney+
SERIES,Lost - Season 6,2010,"Drama,Mystery,Adventure",Disney+
SERIES,Fargo - Season 1,2014,"Crime,Drama,Thriller",Amazon Prime Video
SERIES,Fargo - Season 2,2015,"Crime,Drama,Thriller",Amazon Prime Video
SERIES,Fargo - Season 3,2017,"Crime,Drama,Thriller",Amazon Prime Video
SERIES,Fargo - Season 4,2020,"Crime,Drama,Thriller",Amazon Prime Video
SERIES,Fargo - Season 5,2023,"Crime,Drama,Thriller",Amazon Prime Video
SERIES,True Detective - Season 1,2014,"Crime,Drama,Mystery",HBO Max
SERIES,True Detective - Season 2,2015,"Crime,Drama,Mystery",HBO Max
SERIES,True Detective - Season 3,2019,"Crime,Drama,Mystery",HBO Max
SERIES,True Detective - Season 4,2024,"Crime,Drama,Mystery",HBO Max
SERIES,The Leftovers - Season 1,2014,"Drama,Mystery",HBO Max
SERIES,The Leftovers - Season 2,2015,"Drama,Mystery",HBO Max
SERIES,The Leftovers - Season 3,2017,"Drama,Mystery",HBO Max
SERIES,Ozark - Season 1,2017,"Crime,Drama,Thriller",Netflix
SERIES,Ozark - Season 2,2018,"Crime,Drama,Thriller",Netflix
SERIES,Ozark - Season 3,2020,"Crime,Drama,Thriller",Netflix
SERIES,Ozark - Season 4,2022,"Crime,Drama,Thriller",Netflix
SERIES,Dexter - Season 1,2006,"Crime,Drama,Thriller",Paramount+
SERIES,Dexter - Season 2,2007,"Crime,Drama,Thriller",Paramount+
SERIES,Dexter - Season 3,2008,"Crime,Drama,Thriller",Paramount+
SERIES,Dexter - Season 4,2009,"Crime,Drama,Thriller",Paramount+
SERIES,Dexter - Season 5,2010,"Crime,Drama,Thriller",Paramount+
SERIES,Dexter - Season 6,2011,"Crime,Drama,Thriller",Paramount+
SERIES,Dexter - Season 7,2012,"Crime,Drama,Thriller",Paramount+
SERIES,Dexter - Season 8,2013,"Crime,Drama,Thriller",Paramount+
SERIES,Vikings - Season 1,2013,"Drama,History,Action",Amazon Prime Video
SERIES,Vikings - Season 2,2014,"Drama,History,Action",Amazon Prime Video
SERIES,Vikings - Season 3,2015,"Drama,History,Action",Amazon Prime Video
SERIES,Vikings - Season 4,2016,"Drama,History,Action",Amazon Prime Video
SERIES,Vikings - Season 5,2017,"Drama,History,Action",Amazon Prime Video
SERIES,Vikings - Season 6,2019,"Drama,History,Action",Amazon Prime Video
SERIES,Narcos - Season 1,2015,"Crime,Drama,Biography",Netflix
SERIES,Narcos - Season 2,2016,"Crime,Drama,Biography",Netflix
SERIES,Narcos - Season 3,2017,"Crime,Drama,Biography",Netflix
SERIES,The Handmaid's Tale - Season 1,2017,"Drama,Sci-Fi,Thriller",Hulu
SERIES,The Handmaid's Tale - Season 2,2018,"Drama,Sci-Fi,Thriller",Hulu
SERIES,The Handmaid's Tale - Season 3,2019,"Drama,Sci-Fi,Thriller",Hulu
SERIES,The Handmaid's Tale - Season 4,2021,"Drama,Sci-Fi,Thriller",Hulu
SERIES,The Handmaid's Tale - Season 5,2022,"Drama,Sci-Fi,Thriller",Hulu
SERIES,The Handmaid's Tale - Season 6,2024,"Drama,Sci-Fi,Thriller",Hulu
SERIES,Seinfeld - Season 1,1989,Comedy,Netflix
SERIES,Seinfeld - Season 2,1991,Comedy,Netflix
SERIES,Seinfeld - Season 3,1991,Comedy,Netflix
SERIES,Seinfeld - Season 4,1992,Comedy,Netflix
SERIES,Seinfeld - Season 5,1993,Comedy,Netflix
SERIES,Seinfeld - Season 6,1994,Comedy,Netflix
SERIES,Seinfeld - Season 7,1995,Comedy,Netflix
SERIES,Seinfeld - Season 8,1996,Comedy,Netflix
SERIES,Seinfeld - Season 9,1998,Comedy,Netflix
SERIES,Rick and Morty - Season 1,2013,"Animation,Comedy,Sci-Fi",Hulu
SERIES,Rick and Morty - Season 2,2015,"Animation,Comedy,Sci-Fi",Hulu
SERIES,Rick and Morty - Season 3,2017,"Animation,Comedy,Sci-Fi",Hulu
SERIES,Rick and Morty - Season 4,2019,"Animation,Comedy,Sci-Fi",Hulu
SERIES,Rick and Morty - Season 5,2021,"Animation,Comedy,Sci-Fi",Hulu
SERIES,Rick and Morty - Season 6,2022,"Animation,Comedy,Sci-Fi",Hulu
SERIES,Rick and Morty - Season 7,2023,"Animation,Comedy,Sci-Fi",Hulu
SERIES,BoJack Horseman - Season 1,2014,"Animation,Comedy,Drama",Netflix
SERIES,BoJack Horseman - Season 2,2015,"Animation,Comedy,Drama",Netflix
SERIES,BoJack Horseman - Season 3,2016,"Animation,Comedy,Drama",Netflix
SERIES,BoJack Horseman - Season 4,2017,"Animation,Comedy,Drama",Netflix
SERIES,BoJack Horseman - Season 5,2018,"Animation,Comedy,Drama",Netflix
SERIES,BoJack Horseman - Season 6,2019,"Animation,Comedy,Drama",Netflix
SERIES,Better Things - Season 1,2016,"Comedy,Drama",Hulu
SERIES,Better Things - Season 2,2017,"Comedy,Drama",Hulu
SERIES,Better Things - Season 3,2019,"Comedy,Drama",Hulu
SERIES,Better Things - Season 4,2020,"Comedy,Drama",Hulu
SERIES,Better Things - Season 5,2022,"Comedy,Drama",Hulu
SERIES,Twin Peaks - Season 1,1990,"Drama,Mystery,Thriller",Paramount+
SERIES,Twin Peaks - Season 2,1991,"Drama,Mystery,Thriller",Paramount+
SERIES,Twin Peaks - Season 3,2017,"Drama,Mystery,Thriller",Paramount+
SERIES,Boardwalk Empire - Season 1,2010,"Crime,Drama,History",HBO Max
SERIES,Boardwalk Empire - Season 2,2011,"Crime,Drama,History",HBO Max
SERIES,Boardwalk Empire - Season 3,2012,"Crime,Drama,History",HBO Max
SERIES,Boardwalk Empire - Season 4,2013,"Crime,Drama,History",HBO Max
SERIES,Boardwalk Empire - Season 5,2014,"Crime,Drama,History",HBO Max
SERIES,Rome - Season 1,2005,"Drama,History",HBO Max
SERIES,Rome - Season 2,2007,"Drama,History",HBO Max
SERIES,The Americans - Season 1,2013,"Crime,Drama,Thriller",Amazon Prime Video
SERIES,The Americans - Season 2,2014,"Crime,Drama,Thriller",Amazon Prime Video
SERIES,The Americans - Season 3,2015,"Crime,Drama,Thriller",Amazon Prime Video
SERIES,The Americans - Season 4,2016,"Crime,Drama,Thriller",Amazon Prime Video
SERIES,The Americans - Season 5,2017,"Crime,Drama,Thriller",Amazon Prime Video
SERIES,The Americans - Season 6,2018,"Crime,Drama,Thriller",Amazon Prime Video
SERIES,Mindhunter - Season 1,2017,"Crime,Drama,Thriller",Netflix
SERIES,Mindhunter - Season 2,2019,"Crime,Drama,Thriller",Netflix
SERIES,The West Wing - Season 1,1999,"Drama,Politics",HBO Max
SERIES,The West Wing - Season 2,2000,"Drama,Politics",HBO Max
SERIES,The West Wing - Season 3,2001,"Drama,Politics",HBO Max
SERIES,The West Wing - Season 4,2002,"Drama,Politics",HBO Max
SERIES,The West Wing - Season 5,2003,"Drama,Politics",HBO Max
SERIES,The West Wing - Season 6,2004,"Drama,Politics",HBO Max
SERIES,The West Wing - Season 7,2005,"Drama,Politics",HBO Max
SERIES,Band of Brothers - Season 1,2001,"Drama,War,History",HBO Max
SERIES,The Pacific - Season 1,2010,"Drama,War,History",HBO Max
SERIES,Six Feet Under - Season 1,2001,Drama,HBO Max
SERIES,Six Feet Under - Season 2,2002,Drama,HBO Max
SERIES,Six Feet Under - Season 3,2003,Drama,HBO Max
SERIES,Six Feet Under - Season 4,2004,Drama,HBO Max
SERIES,Six Feet Under - Season 5,2005,Drama,HBO Max
SERIES,The Shield - Season 1,2002,"Crime,Drama,Thriller",Hulu
SERIES,The Shield - Season 2,2003,"Crime,Drama,Thriller",Hulu
SERIES,The Shield - Season 3,2004,"Crime,Drama,Thriller",Hulu
SERIES,The Shield - Season 4,2005,"Crime,Drama,Thriller",Hulu
SERIES,The Shield - Season 5,2006,"Crime,Drama,Thriller",Hulu
SERIES,The Shield - Season 6,2007,"Crime,Drama,Thriller",Hulu
SERIES,The Shield - Season 7,2008,"Crime,Drama,Thriller",Hulu
SERIES,Justified - Season 1,2010,"Crime,Drama,Western",Hulu
SERIES,Justified - Season 2,2011,"Crime,Drama,Western",Hulu
SERIES,Justified - Season 3,2012,"Crime,Drama,Western",Hulu
SERIES,Justified - Season 4,2013,"Crime,Drama,Western",Hulu
SERIES,Justified - Season 5,2014,"Crime,Drama,Western",Hulu
SERIES,Justified - Season 6,2015,"Crime,Drama,Western",Hulu
SERIES,Sons of Anarchy - Season 1,2008,"Crime,Drama",Hulu
SERIES,Sons of Anarchy - Season 2,2009,"Crime,Drama",Hulu
SERIES,Sons of Anarchy - Season 3,2010,"Crime,Drama",Hulu
SERIES,Sons of Anarchy - Season 4,2011,"Crime,Drama",Hulu
SERIES,Sons of Anarchy - Season 5,2012,"Crime,Drama",Hulu
SERIES,Sons of Anarchy - Season 6,2013,"Crime,Drama",Hulu
SERIES,Sons of Anarchy - Season 7,2014,"Crime,Drama",Hulu
SERIES,Deadwood - Season 1,2004,"Drama,Western",HBO Max
SERIES,Deadwood - Season 2,2005,"Drama,Western",HBO Max
SERIES,Deadwood - Season 3,2006,"Drama,Western",HBO Max
SERIES,Hannibal - Season 1,2013,"Crime,Drama,Thriller",Amazon Prime Video
SERIES,Hannibal - Season 2,2014,"Crime,Drama,Thriller",Amazon Prime Video
SERIES,Hannibal - Season 3,2015,"Crime,Drama,Thriller",Amazon Prime Video
SERIES,Mr. Robot - Season 1,2015,"Crime,Drama,Thriller",Amazon Prime Video
SERIES,Mr. Robot - Season 2,2016,"Crime,Drama,Thriller",Amazon Prime Video
SERIES,Mr. Robot - Season 3,2017,"Crime,Drama,Thriller",Amazon Prime Video
SERIES,Mr. Robot - Season 4,2019,"Crime,Drama,Thriller",Amazon Prime Video
SERIES,How I Met Your Mother - Season 1,2005,"Comedy,Romance",Hulu
SERIES,How I Met Your Mother - Season 2,2006,"Comedy,Romance",Hulu
SERIES,How I Met Your Mother - Season 3,2007,"Comedy,Romance",Hulu
SERIES,How I Met Your Mother - Season 4,2008,"Comedy,Romance",Hulu
SERIES,How I Met Your Mother - Season 5,2009,"Comedy,Romance",Hulu
SERIES,How I Met Your Mother - Season 6,2010,"Comedy,Romance",Hulu
SERIES,How I Met Your Mother - Season 7,2011,"Comedy,Romance",Hulu
SERIES,How I Met Your Mother - Season 8,2012,"Comedy,Romance",Hulu
SERIES,How I Met Your Mother - Season 9,2013,"Comedy,Romance",Hulu
SERIES,Brooklyn Nine-Nine - Season 1,2013,"Comedy,Crime",Netflix
SERIES,Brooklyn Nine-Nine - Season 2,2014,"Comedy,Crime",Netflix
SERIES,Brooklyn Nine-Nine - Season 3,2015,"Comedy,Crime",Netflix
SERIES,Brooklyn Nine-Nine - Season 4,2016,"Comedy,Crime",Netflix
SERIES,Brooklyn Nine-Nine - Season 5,2017,"Comedy,Crime",Netflix
SERIES,Brooklyn Nine-Nine - Season 6,2019,"Comedy,Crime",Netflix
SERIES,Brooklyn Nine-Nine - Season 7,2020,"Comedy,Crime",Netflix
SERIES,Brooklyn Nine-Nine - Season 8,2021,"Comedy,Crime",Netflix
SERIES,Parks and Recreation - Season 1,2009,Comedy,Amazon Prime Video
SERIES,Parks and Recreation - Season 2,2009,Comedy,Amazon Prime Video
SERIES,Parks and Recreation - Season 3,2011,Comedy,Amazon Prime Video
SERIES,Parks and Recreation - Season 4,2011,Comedy,Amazon Prime Video
SERIES,Parks and Recreation - Season 5,2012,Comedy,Amazon Prime Video
SERIES,Parks and Recreation - Season 6,2013,Comedy,Amazon Prime Video
SERIES,Parks and Recreation - Season 7,2015,Comedy,Amazon Prime Video
SERIES,Arrested Development - Season 1,2003,Comedy,Netflix
SERIES,Arrested Development - Season 2,2004,Comedy,Netflix
SERIES,Arrested Development - Season 3,2005,Comedy,Netflix
SERIES,Arrested Development - Season 4,2013,Comedy,Netflix
SERIES,Arrested Development - Season 5,2018,Comedy,Netflix
SERIES,Community - Season 1,2009,Comedy,Netflix
SERIES,Community - Season 2,2010,Comedy,Netflix
SERIES,Community - Season 3,2011,Comedy,Netflix
SERIES,Community - Season 4,2013,Comedy,Netflix
SERIES,Community - Season 5,2014,Comedy,Netflix
SERIES,Community - Season 6,2015,Comedy,Netflix
SERIES,Silicon Valley - Season 1,2014,Comedy,HBO Max
SERIES,Silicon Valley - Season 2,2015,Comedy,HBO Max
SERIES,Silicon Valley - Season 3,2016,Comedy,HBO Max
SERIES,Silicon Valley - Season 4,2017,Comedy,HBO Max
SERIES,Silicon Valley - Season 5,2018,Comedy,HBO Max
SERIES,Silicon Valley - Season 6,2019,Comedy,HBO Max
SERIES,The Marvelous Mrs. Maisel - Season 1,2017,"Comedy,Drama",Amazon Prime Video
SERIES,The Marvelous Mrs. Maisel - Season 2,2018,"Comedy,Drama",Amazon Prime Video
SERIES,The Marvelous Mrs. Maisel - Season 3,2019,"Comedy,Drama",Amazon Prime Video
SERIES,The Marvelous Mrs. Maisel - Season 4,2022,"Comedy,Drama",Amazon Prime Video
SERIES,The Marvelous Mrs. Maisel - Season 5,2023,"Comedy,Drama",Amazon Prime Video
SERIES,24 - Season 1,2001,"Action,Drama,Thriller",Disney+
SERIES,24 - Season 2,2002,"Action,Drama,Thriller",Disney+
SERIES,24 - Season 3,2003,"Action,Drama,Thriller",Disney+
SERIES,24 - Season 4,2005,"Action,Drama,Thriller",Disney+
SERIES,24 - Season 5,2006,"Action,Drama,Thriller",Disney+
SERIES,24 - Season 6,2007,"Action,Drama,Thriller",Disney+
SERIES,24 - Season 7,2009,"Action,Drama,Thriller",Disney+
SERIES,24 - Season 8,2010,"Action,Drama,Thriller",Disney+
SERIES,24 - Season 9,2014,"Action,Drama,Thriller",Disney+
SERIES,Prison Break - Season 1,2005,"Crime,Drama,Thriller",Netflix
SERIES,Prison Break - Season 2,2006,"Crime,Drama,Thriller",Netflix
SERIES,Prison Break - Season 3,2007,"Crime,Drama,Thriller",Netflix
SERIES,Prison Break - Season 4,2008,"Crime,Drama,Thriller",Netflix
SERIES,Prison Break - Season 5,2017,"Crime,Drama,Thriller",Netflix
SERIES,The Expanse - Season 1,2015,"Sci-Fi,Drama",Amazon Prime Video
SERIES,The Expanse - Season 2,2017,"Sci-Fi,Drama",Amazon Prime Video
SERIES,The Expanse - Season 3,2018,"Sci-Fi,Drama",Amazon Prime Video
SERIES,The Expanse - Season 4,2019,"Sci-Fi,Drama",Amazon Prime Video
SERIES,The Expanse - Season 5,2020,"Sci-Fi,Drama",Amazon Prime Video
SERIES,The Expanse - Season 6,2021,"Sci-Fi,Drama",Amazon Prime Video
GAME,The Legend of Zelda: Ocarina of Time,1998,Action-Adventure,"Nintendo 64,Nintendo 3DS"
GAME,The Legend of Zelda: Breath of the Wild,2017,"Action-Adventure,Open World","Nintendo Switch,Wii U"
GAME,Super Mario Bros.,1985,Platformer,Nintendo Entertainment System
GAME,Super Mario 64,1996,"Platformer,3D Platformer","Nintendo 64,Nintendo Switch"
GAME,Tetris,1984,Puzzle,"Game Boy,Nintendo Entertainment System,PC"
GAME,Minecraft,2011,"Sandbox,Survival,Open World","PC,PlayStation 4,PlayStation 5,Xbox One,Xbox Series X,S,Nintendo Switch"
GAME,Grand Theft Auto V,2013,"Action-Adventure,Open World","PlayStation 3,PlayStation 4,PlayStation 5,Xbox 360,Xbox One,Xbox Series X,S,PC"
GAME,The Witcher 3: Wild Hunt,2015,"Action RPG,Open World","PlayStation 4,PlayStation 5,Xbox One,Xbox Series X,S,Nintendo Switch,PC"
GAME,Red Dead Redemption 2,2018,"Action-Adventure,Open World","PlayStation 4,Xbox One,PC"
GAME,Dark Souls,2011,Action RPG,"PlayStation 3,Xbox 360,PC,Nintendo Switch"
GAME,Half-Life 2,2004,First-Person Shooter,"PC,Xbox,PlayStation 3"
GAME,Elden Ring,2022,"Action RPG,Open World","PlayStation 4,PlayStation 5,Xbox One,Xbox Series X,S,PC"
GAME,The Last of Us,2013,"Action-Adventure,Survival","PlayStation 3,PlayStation 4,PlayStation 5"
GAME,Chrono Trigger,1995,Role-Playing Game,"Super Nintendo Entertainment System,PlayStation,Nintendo DS"
GAME,Final Fantasy VII,1997,Role-Playing Game,"PlayStation,PC,Nintendo Switch,PlayStation 4"
GAME,Metal Gear Solid,1998,"Stealth,Action-Adventure","PlayStation,PC"
GAME,Mass Effect 2,2010,Action RPG,"PlayStation 3,Xbox 360,PC"
GAME,Halo: Combat Evolved,2001,First-Person Shooter,"Xbox,PC"
GAME,Resident Evil 4,2005,"Survival Horror,Action","GameCube,PlayStation 2,PlayStation 4,PlayStation 5,Xbox One,Xbox Series X,S,PC,Nintendo Switch"
GAME,World of Warcraft,2004,Massively Multiplayer Online Role-Playing Game,PC
GAME,Super Metroid,1994,"Action-Adventure,Metroidvania",Super Nintendo Entertainment System
GAME,Portal 2,2011,"Puzzle,First-Person","PC,PlayStation 3,Xbox 360"
GAME,BioShock,2007,First-Person Shooter,"PC,PlayStation 3,Xbox 360"
GAME,God of War,2018,Action-Adventure,"PlayStation 4,PlayStation 5,PC"
GAME,God of War Ragnarök,2022,Action-Adventure,"PlayStation 4,PlayStation 5"
GAME,DOOM,1993,First-Person Shooter,PC
GAME,DOOM Eternal,2020,First-Person Shooter,"PC,PlayStation 4,PlayStation 5,Xbox One,Xbox Series X,S,Nintendo Switch"
GAME,Skyrim,2011,"Action RPG,Open World","PC,PlayStation 3,PlayStation 4,PlayStation 5,Xbox 360,Xbox One,Xbox Series X,S,Nintendo Switch"
GAME,Fallout: New Vegas,2010,"Action RPG,Open World","PC,PlayStation 3,Xbox 360"
GAME,Persona 5 Royal,2019,Role-Playing Game,"PlayStation 4,PlayStation 5,Xbox One,Xbox Series X,S,PC,Nintendo Switch"
GAME,Bloodborne,2015,Action RPG,PlayStation 4
GAME,Sekiro: Shadows Die Twice,2019,Action-Adventure,"PC,PlayStation 4,Xbox One"
GAME,Hades,2020,"Roguelike,Action","PC,PlayStation 4,PlayStation 5,Xbox One,Xbox Series X,S,Nintendo Switch"
GAME,Disco Elysium,2019,Role-Playing Game,"PC,PlayStation 4,PlayStation 5,Xbox One,Xbox Series X,S,Nintendo Switch"
GAME,Street Fighter II,1991,Fighting,"Arcade,Super Nintendo Entertainment System"
GAME,Tekken 3,1997,Fighting,PlayStation
GAME,Mortal Kombat,1992,Fighting,"Arcade,Super Nintendo Entertainment System,Genesis"
GAME,Pac-Man,1980,Arcade,Arcade
GAME,Space Invaders,1978,"Arcade,Shooter",Arcade
GAME,Donkey Kong,1981,Platformer,Arcade
GAME,Castlevania: Symphony of the Night,1997,"Action-Adventure,Metroidvania",PlayStation
GAME,Shadow of the Colossus,2005,Action-Adventure,"PlayStation 2,PlayStation 4,PlayStation 5"
GAME,ICO,2001,"Action-Adventure,Puzzle","PlayStation 2,PlayStation 3"
GAME,Journey,2012,Adventure,"PlayStation 3,PlayStation 4,PlayStation 5,PC"
GAME,Uncharted 2: Among Thieves,2009,Action-Adventure,"PlayStation 3,PlayStation 4"
GAME,Uncharted 4: A Thief's End,2016,Action-Adventure,"PlayStation 4,PlayStation 5,PC"
GAME,Resident Evil 2,1998,Survival Horror,PlayStation
GAME,Resident Evil 2 Remake,2019,Survival Horror,"PlayStation 4,PlayStation 5,Xbox One,Xbox Series X,S,PC"
GAME,Silent Hill 2,2001,Survival Horror,"PlayStation 2,Xbox,PC"
GAME,Metal Gear Solid 3: Snake Eater,2004,"Stealth,Action-Adventure","PlayStation 2,PlayStation 3"
GAME,Splinter Cell: Chaos Theory,2005,Stealth,"PC,Xbox,PlayStation 2"
GAME,Batman: Arkham City,2011,Action-Adventure,"PC,PlayStation 3,Xbox 360"
GAME,Batman: Arkham Knight,2015,Action-Adventure,"PC,PlayStation 4,Xbox One"
GAME,Assassin's Creed II,2009,Action-Adventure,"PC,PlayStation 3,Xbox 360"
GAME,Assassin's Creed IV: Black Flag,2013,"Action-Adventure,Open World","PC,PlayStation 3,PlayStation 4,Xbox 360,Xbox One,Nintendo Switch"
GAME,Call of Duty 4: Modern Warfare,2007,First-Person Shooter,"PC,PlayStation 3,Xbox 360"
GAME,Call of Duty: Modern Warfare II,2009,First-Person Shooter,"PC,PlayStation 3,Xbox 360"
GAME,Counter-Strike,2000,First-Person Shooter,PC
GAME,Counter-Strike: Global Offensive,2012,First-Person Shooter,PC
GAME,Overwatch,2016,First-Person Shooter,"PC,PlayStation 4,Xbox One,Nintendo Switch"
GAME,League of Legends,2009,Multiplayer Online Battle Arena,PC
GAME,Dota 2,2013,Multiplayer Online Battle Arena,PC
GAME,StarCraft,1998,Real-Time Strategy,PC
GAME,StarCraft II,2010,Real-Time Strategy,PC
GAME,Warcraft III: Reign of Chaos,2002,Real-Time Strategy,PC
GAME,Civilization V,2010,Turn-Based Strategy,PC
GAME,Civilization VI,2016,Turn-Based Strategy,"PC,PlayStation 4,Xbox One,Nintendo Switch"
GAME,Age of Empires II,1999,Real-Time Strategy,PC
GAME,The Sims,2000,Simulation,PC
GAME,The Sims 4,2014,Simulation,"PC,PlayStation 4,Xbox One"
GAME,Animal Crossing: New Horizons,2020,"Simulation,Social",Nintendo Switch
GAME,Stardew Valley,2016,"Simulation,Role-Playing Game","PC,PlayStation 4,PlayStation 5,Xbox One,Xbox Series X,S,Nintendo Switch"
GAME,Terraria,2011,"Sandbox,Adventure","PC,PlayStation 4,Xbox One,Nintendo Switch"
GAME,Undertale,2015,Role-Playing Game,"PC,PlayStation 4,Nintendo Switch"
GAME,Celeste,2018,Platformer,"PC,PlayStation 4,Xbox One,Nintendo Switch"
GAME,Cuphead,2017,"Platformer,Run and Gun","PC,PlayStation 4,Xbox One,Nintendo Switch"
GAME,Hollow Knight,2017,"Action-Adventure,Metroidvania","PC,PlayStation 4,Xbox One,Nintendo Switch"
GAME,Dead Cells,2018,"Roguelike,Action","PC,PlayStation 4,Xbox One,Nintendo Switch"
GAME,Monster Hunter World,2018,Action RPG,"PC,PlayStation 4,Xbox One"
GAME,Monster Hunter Rise,2021,Action RPG,"PC,Nintendo Switch"
GAME,Pokémon Red and Blue,1996,Role-Playing Game,Game Boy
GAME,Pokémon Gold and Silver,1999,Role-Playing Game,Game Boy Color
GAME,Pokémon Diamond and Pearl,2006,Role-Playing Game,Nintendo DS
GAME,Fire Emblem: Awakening,2012,Tactical Role-Playing Game,Nintendo 3DS
GAME,Xenoblade Chronicles,2010,Role-Playing Game,"Wii,Nintendo Switch"
GAME,Bayonetta,2009,Action,"PC,PlayStation 3,Xbox 360,Nintendo Switch"
GAME,Devil May Cry 3,2005,Action,"PlayStation 2,PC"
GAME,Final Fantasy VI,1994,Role-Playing Game,"Super Nintendo Entertainment System,PlayStation,PC"
GAME,Final Fantasy X,2001,Role-Playing Game,"PlayStation 2,PlayStation 4,PlayStation 5,PC"
GAME,Nier: Automata,2017,Action RPG,"PC,PlayStation 4,Xbox One,Nintendo Switch"
GAME,Control,2019,Action-Adventure,"PC,PlayStation 4,PlayStation 5,Xbox One,Xbox Series X,S"
GAME,Alan Wake 2,2023,Survival Horror,"PC,PlayStation 5,Xbox Series X,S"
GAME,Dragon Quest XI,2017,Role-Playing Game,"PC,PlayStation 4,PlayStation 5,Xbox One,Xbox Series X,S,Nintendo Switch"
GAME,Dragon Age: Origins,2009,Role-Playing Game,"PC,PlayStation 3,Xbox 360"
GAME,Baldur's Gate II: Shadows of Amn,2000,Role-Playing Game,PC
GAME,Pillars of Eternity,2015,Role-Playing Game,"PC,PlayStation 4,Xbox One,Nintendo Switch"
GAME,Divinity: Original Sin 2,2017,Role-Playing Game,"PC,PlayStation 4,Xbox One,Nintendo Switch"
GAME,Chrono Cross,1999,Role-Playing Game,PlayStation
GAME,Suikoden II,1998,Role-Playing Game,PlayStation
GAME,EarthBound,1994,Role-Playing Game,Super Nintendo Entertainment System
GAME,Shenmue,1999,Action-Adventure,"Dreamcast,PlayStation 4,PlayStation 5,PC"
GAME,Shenmue II,2001,Action-Adventure,"Dreamcast,PlayStation 2,PlayStation 4,PlayStation 5,PC"
GAME,Far Cry 3,2012,"First-Person Shooter,Open World","PC,PlayStation 3,Xbox 360,PlayStation 4,Xbox One"
GAME,Far Cry 5,2018,"First-Person Shooter,Open World","PC,PlayStation 4,Xbox One"
GAME,Far Cry 6,2021,"First-Person Shooter,Open World","PC,PlayStation 4,PlayStation 5,Xbox One,Xbox Series X,S"
GAME,Dying Light,2015,"Action-Adventure,Survival Horror","PC,PlayStation 4,Xbox One"
GAME,Dying Light 2,2022,"Action-Adventure,Survival Horror","PC,PlayStation 4,PlayStation 5,Xbox One,Xbox Series X,S"
GAME,The Elder Scrolls IV: Oblivion,2006,"Action RPG,Open World","PC,PlayStation 3,Xbox 360"
GAME,The Elder Scrolls III: Morrowind,2002,"Action RPG,Open World","PC,Xbox"
GAME,Fallout 3,2008,"Action RPG,Open World","PC,PlayStation 3,Xbox 360"
GAME,Fallout 4,2015,"Action RPG,Open World","PC,PlayStation 4,Xbox One"
GAME,Fallout 76,2018,"Action RPG,Open World","PC,PlayStation 4,Xbox One"
GAME,The Legend of Zelda: Majora's Mask,2000,Action-Adventure,"Nintendo 64,Nintendo 3DS"
GAME,The Legend of Zelda: Twilight Princess,2006,Action-Adventure,"GameCube, Wii, Wii U, Nintendo Switch"
GAME,The Legend of Zelda: Skyward Sword,2011,Action-Adventure,"Wii,Nintendo Switch"
GAME,Mario Kart 8 Deluxe,2017,Racing,Nintendo Switch
GAME,Mario Kart Wii,2008,Racing,Wii
GAME,Mario Kart 64,1996,Racing,Nintendo 64
GAME,Mario Kart 7,2011,Racing,Nintendo 3DS
GAME,Super Smash Bros. Ultimate,2018,Fighting,Nintendo Switch
GAME,Super Smash Bros. Melee,2001,Fighting,GameCube
GAME,Super Smash Bros. Brawl,2008,Fighting,Wii
GAME,Splatoon 2,2017,Shooter,Nintendo Switch
GAME,Splatoon 3,2022,Shooter,Nintendo Switch
GAME,Metroid Prime,2002,"Action-Adventure,First-Person",GameCube
GAME,Metroid Prime 2: Echoes,2004,"Action-Adventure,First-Person",GameCube
GAME,Metroid Prime 3: Corruption,2007,"Action-Adventure,First-Person",Wii
GAME,Metroid Dread,2021,"Action-Adventure,Metroidvania",Nintendo Switch
GAME,Halo 2,2004,First-Person Shooter,"Xbox,PC"
GAME,Halo 3,2007,First-Person Shooter,"Xbox 360,PC"
GAME,Halo Reach,2010,First-Person Shooter,"Xbox 360,PC"
GAME,Gears of War,2006,Third-Person Shooter,"Xbox 360,PC"
GAME,Gears of War 2,2008,Third-Person Shooter,Xbox 360
GAME,Gears 5,2019,Third-Person Shooter,"PC,Xbox One,Xbox Series X,S"
GAME,Mass Effect,2007,Action RPG,"PC,PlayStation 3,Xbox 360"
GAME,Mass Effect 3,2012,Action RPG,"PC,PlayStation 3,Xbox 360"
GAME,Mass Effect: Andromeda,2017,Action RPG,"PC,PlayStation 4,Xbox One"
GAME,Borderlands 2,2012,"First-Person Shooter,Action RPG","PC,PlayStation 3,PlayStation 4,Xbox 360,Xbox One"
GAME,Borderlands 3,2019,"First-Person Shooter,Action RPG","PC,PlayStation 4,PlayStation 5,Xbox One,Xbox Series X,S"
GAME,Half-Life,1998,First-Person Shooter,PC
GAME,Portal,2007,"Puzzle,First-Person","PC,PlayStation 3,Xbox 360"
GAME,Team Fortress 2,2007,First-Person Shooter,"PC,Xbox 360,PlayStation 3"
GAME,Rainbow Six Siege,2015,Tactical Shooter,"PC,PlayStation 4,PlayStation 5,Xbox One,Xbox Series X,S"
GAME,Forza Horizon 4,2018,Racing,"PC,Xbox One,Xbox Series X,S"
GAME,Forza Horizon 5,2021,Racing,"PC,Xbox One,Xbox Series X,S"
GAME,Gran Turismo 3,2001,Racing,PlayStation 2
GAME,Gran Turismo 4,2004,Racing,PlayStation 2
GAME,Gran Turismo 7,2022,Racing,"PlayStation 4,PlayStation 5"
GAME,Hitman 3,2021,"Stealth,Action-Adventure","PC,PlayStation 4,PlayStation 5,Xbox One,Xbox Series X,S,Nintendo Switch"
GAME,Hitman 2,2018,"Stealth,Action-Adventure","PC,PlayStation 4,Xbox One"
GAME,The Sims 2,2004,Simulation,"PC,PlayStation 2,Xbox"
GAME,The Sims 3,2009,Simulation,"PC,PlayStation 3,Xbox 360"
GAME,GTA: San Andreas,2004,"Action-Adventure,Open World","PlayStation 2,Xbox,PC"
GAME,GTA: Vice City,2002,"Action-Adventure,Open World","PlayStation 2,Xbox,PC"
GAME,GTA III,2001,"Action-Adventure,Open World","PlayStation 2,Xbox,PC"
GAME,Diablo II,2000,"Action RPG,Hack and Slash",PC
GAME,Diablo III,2012,"Action RPG,Hack and Slash","PC,PlayStation 3,PlayStation 4,Xbox 360,Xbox One,Nintendo Switch"
GAME,Diablo IV,2023,"Action RPG,Hack and Slash","PC,PlayStation 4,PlayStation 5,Xbox One,Xbox Series X,S"
GAME,World of Warcraft: The Burning Crusade,2007,MMORPG,PC
GAME,World of Warcraft: Wrath of the Lich King,2008,MMORPG,PC
GAME,World of Warcraft: Shadowlands,2020,MMORPG,PC
GAME,Star Wars: Knights of the Old Republic,2003,Role-Playing Game,"Xbox,PC,Mobile"
GAME,Star Wars: Knights of the Old Republic II,2004,Role-Playing Game,"Xbox,PC,Mobile"
GAME,Kingdom Hearts,2002,Action RPG,"PlayStation 2,PlayStation 3,PlayStation 4,PlayStation 5,Nintendo Switch"
GAME,Kingdom Hearts II,2005,Action RPG,"PlayStation 2,PlayStation 3,PlayStation 4,PlayStation 5,Nintendo Switch"
GAME,Kingdom Hearts III,2019,Action RPG,"PC,PlayStation 4,Xbox One"
GAME,Dark Souls II,2014,Action RPG,"PC,PlayStation 3,Xbox 360"
GAME,Dark Souls III,2016,Action RPG,"PC,PlayStation 4,Xbox One"
GAME,Demon's Souls,2009,Action RPG,"PlayStation 3,PlayStation 5"
GAME,Bloodborne: The Old Hunters,2015,Action RPG,PlayStation 4
GAME,Crash Bandicoot: Warped,1998,Platformer,PlayStation
GAME,Spyro the Dragon,1998,Platformer,PlayStation
GAME,Spyro Reignited Trilogy,2018,Platformer,"PlayStation 4,PlayStation 5,Xbox One,Xbox Series X,S,Nintendo Switch,PC"
GAME,Ratchet & Clank,2002,"Platformer,Action",PlayStation 2
GAME,Ratchet & Clank: Rift Apart,2021,"Platformer,Action",PlayStation 5
GAME,Jak and Daxter: The Precursor Legacy,2001,"Platformer,Action",PlayStation 2
GAME,Sly Cooper and the Thievius Raccoonus,2002,"Platformer,Action",PlayStation 2
GAME,LittleBigPlanet,2008,"Platformer,Creative","PlayStation 3,PlayStation 4,PlayStation 5"
GAME,LittleBigPlanet 2,2011,"Platformer,Creative","PlayStation 3,PlayStation 4,PlayStation 5"
GAME,Assassin's Creed Origins,2017,"Action-Adventure,Open World","PC,PlayStation 4,Xbox One"
GAME,Assassin's Creed Odyssey,2018,"Action-Adventure,Open World","PC,PlayStation 4,Xbox One"
GAME,Assassin's Creed Valhalla,2020,"Action-Adventure,Open World","PC,PlayStation 4,PlayStation 5,Xbox One,Xbox Series X,S"
GAME,Far Cry 2,2008,"First-Person Shooter,Open World","PC,PlayStation 3,Xbox 360"
GAME,Far Cry 4,2014,"First-Person Shooter,Open World","PC,PlayStation 3,PlayStation 4,Xbox 360,Xbox One"
GAME,Crysis,2007,First-Person Shooter,"PC,PlayStation 3,Xbox 360"
GAME,Crysis 2,2011,First-Person Shooter,"PC,PlayStation 3,Xbox 360,PlayStation 4,Xbox One"
GAME,Crysis 3,2013,First-Person Shooter,"PC,PlayStation 3,Xbox 360,PlayStation 4,Xbox One"
GAME,The Division,2016,"Third-Person Shooter,MMO","PC,PlayStation 4,Xbox One"
GAME,The Division 2,2019,"Third-Person Shooter,MMO","PC,PlayStation 4,Xbox One"
GAME,Destiny,2014,"First-Person Shooter,MMO","PC,PlayStation 3,PlayStation 4,Xbox 360,Xbox One"
GAME,Destiny 2,2017,"First-Person Shooter,MMO","PC,PlayStation 4,PlayStation 5,Xbox One,Xbox Series X,S"
GAME,Sea of Thieves,2018,"Action-Adventure,Open World,Multiplayer","PC,Xbox One,Xbox Series X,S"
GAME,No Man's Sky,2016,"Action-Adventure,Open World,Sandbox","PC,PlayStation 4,PlayStation 5,Xbox One,Xbox Series X,S"
GAME,Subnautica,2018,"Survival,Adventure","PC,PlayStation 4,Xbox One,Nintendo Switch"
GAME,Subnautica: Below Zero,2021,"Survival,Adventure","PC,PlayStation 4,PlayStation 5,Xbox One,Xbox Series X,S,Nintendo Switch"
GAME,The Outer Worlds,2019,Action RPG,"PC,PlayStation 4,PlayStation 5,Xbox One,Xbox Series X,S,Nintendo Switch"
GAME,Cyberpunk 2077,2020,"Action RPG,Open World","PC,PlayStation 4,PlayStation 5,Xbox One,Xbox Series X,S"
GAME,Starfield,2023,"Action RPG,Open World","PC,Xbox Series X,S"
GAME,The Legend of Zelda: Link's Awakening,1993,Action-Adventure,"Game Boy,Nintendo Switch"
GAME,The Legend of Zelda: The Wind Waker,2002,Action-Adventure,"GameCube,Wii,U,Nintendo Switch"
GAME,Mario Party 10,2015,"Party,Multiplayer",Wii U
GAME,Mario Party Superstars,2021,"Party,Multiplayer",Nintendo Switch
GAME,Luigi's Mansion 3,2019,"Action-Adventure,Horror",Nintendo Switch
GAME,Luigi's Mansion,2001,"Action-Adventure,Horror",GameCube
GAME,Pokemon Sword,2019,Role-Playing Game,Nintendo Switch
GAME,Pokemon Shield,2019,Role-Playing Game,Nintendo Switch
GAME,Pokemon Let's Go Pikachu,2018,Role-Playing Game,Nintendo Switch
GAME,Pokemon Let's Go Eevee,2018,Role-Playing Game,Nintendo Switch
GAME,Pokemon Scarlet,2022,Role-Playing Game,Nintendo Switch
GAME,Pokemon Violet,2022,Role-Playing Game,Nintendo Switch
GAME,Fire Emblem: Three Houses,2019,Tactical Role-Playing Game,Nintendo Switch
GAME,Advance Wars,2001,"Tactical Role-Playing Game,Strategy","Game Boy Advance,Nintendo DS"
GAME,XCOM: Enemy Unknown,2012,"Turn-Based Strategy,Tactical","PC,PlayStation 3,PlayStation 4,Xbox 360,Xbox One,Nintendo Switch"
GAME,XCOM 2,2016,"Turn-Based Strategy,Tactical","PC,PlayStation 4,Xbox One,Nintendo Switch"
GAME,Total War: Shogun 2,2011,"Turn-Based Strategy,Real-Time Tactics",PC
GAME,Total War: Warhammer II,2017,"Turn-Based Strategy,Real-Time Tactics",PC
GAME,Age of Empires IV,2021,Real-Time Strategy,PC
GAME,Command & Conquer: Red Alert 2,2000,Real-Time Strategy,PC
GAME,Company of Heroes,2006,Real-Time Strategy,PC
GAME,Company of Heroes 2,2013,Real-Time Strategy,PC
GAME,SimCity 2000,1993,"Simulation,City-Building","PC,PlayStation,Saturn"
GAME,SimCity 4,2003,"Simulation,City-Building","PC,Mac"
GAME,Cities: Skylines,2015,"Simulation,City-Building","PC,PlayStation 4,Xbox One,Nintendo Switch"
GAME,Kerbal Space Program,2015,"Simulation,Sandbox","PC,PlayStation 4,Xbox One"
GAME,RollerCoaster Tycoon 2,2002,"Simulation,Management",PC
GAME,RollerCoaster Tycoon 3,2004,"Simulation,Management","PC,Mac,Xbox 360,PlayStation 3"
GAME,Planet Coaster,2016,"Simulation,Management","PC,PlayStation 4,Xbox One"
GAME,Factorio,2020,"Simulation,Sandbox",PC
GAME,FIFA 21,2020,"Sports,Simulation","PC,PlayStation 4,PlayStation 5,Xbox One,Xbox Series X,S,Nintendo Switch"
GAME,FIFA 22,2021,"Sports,Simulation","PC,PlayStation 4,PlayStation 5,Xbox One,Xbox Series X,S,Nintendo Switch"
GAME,FIFA 23,2022,"Sports,Simulation","PC,PlayStation 4,PlayStation 5,Xbox One,Xbox Series X,S,Nintendo Switch"
GAME,NBA 2K21,2020,"Sports,Simulation","PC,PlayStation 4,PlayStation 5,Xbox One,Xbox Series X,S,Nintendo Switch"
GAME,NBA 2K22,2021,"Sports,Simulation","PC,PlayStation 4,PlayStation 5,Xbox One,Xbox Series X,S,Nintendo Switch"
GAME,NBA 2K23,2022,"Sports,Simulation","PC,PlayStation 4,PlayStation 5,Xbox One,Xbox Series X,S,Nintendo Switch"
GAME,WWE 2K20,2019,"Sports,Fighting","PC,PlayStation 4,Xbox One"
GAME,Tekken 7,2015,Fighting,"PC,PlayStation 4,Xbox One"
GAME,Street Fighter V,2016,Fighting,"PC,PlayStation 4"
GAME,Soulcalibur VI,2018,Fighting,"PC,PlayStation 4,Xbox One"
GAME,Dragon Ball FighterZ,2018,Fighting,"PC,PlayStation 4,Xbox One,Nintendo Switch"
GAME,Mortal Kombat 11,2019,Fighting,"PC,PlayStation 4,PlayStation 5,Xbox One,Xbox Series X,S,Nintendo Switch"
GAME,Injustice 2,2017,Fighting,"PC,PlayStation 4,Xbox One"
GAME,Super Mario Odyssey,2017,"Platformer,Adventure",Nintendo Switch
GAME,New Super Mario Bros. U,2012,"Platformer,Adventure",Wii U
GAME,New Super Mario Bros.,2006,"Platformer,Adventure",Nintendo DS
GAME,Super Mario Galaxy,2007,"Platformer,Adventure",Wii
GAME,Super Mario Galaxy 2,2010,"Platformer,Adventure",Wii
GAME,Donkey Kong Country: Tropical Freeze,2014,"Platformer,Adventure","Wii U,Nintendo Switch"
GAME,Yoshi's Crafted World,2019,"Platformer,Adventure",Nintendo Switch
GAME,Mega Man 2,1988,"Platformer,Action",Nintendo Entertainment System
GAME,Mega Man X,1993,"Platformer,Action",Super Nintendo Entertainment System
GAME,Mega Man X4,1997,"Platformer,Action","PlayStation,Sega Saturn"
GAME,Shovel Knight,2014,"Platformer,Action","PC,PlayStation 3,PlayStation 4,PlayStation 5,Xbox One,Nintendo Switch"
GAME,Cuphead: The Delicious Last Course,2022,"Platformer,Run and Gun","PC,PlayStation 4,Xbox One,Xbox Series X,S,Nintendo Switch"
GAME,Ori and the Blind Forest,2015,"Platformer,Adventure","PC,Xbox One,Nintendo Switch"
GAME,Ori and the Will of the Wisps,2020,"Platformer,Adventure","PC,Xbox One,Xbox Series X,S,Nintendo Switch"
GAME,Hollow Knight: Silksong,2023,"Action-Adventure,Metroidvania","PC,PlayStation 4,PlayStation 5,Xbox One,Xbox Series X,S,Nintendo Switch"
MOVIE,Harry Potter and the Sorcerer's Stone,2001,"Fantasy, Adventure, Family","Max, Amazon Prime Video, Apple TV+, Google Play Movies"
MOVIE,Harry Potter and the Chamber of Secrets,2002,"Fantasy, Adventure, Family","Max, Amazon Prime Video, Apple TV+, Google Play Movies"
MOVIE,Harry Potter and the Prisoner of Azkaban,2004,"Fantasy, Adventure, Family","Max, Amazon Prime Video, Apple TV+, Google Play Movies"
MOVIE,Harry Potter and the Goblet of Fire,2005,"Fantasy, Adventure, Family","Max, Amazon Prime Video, Apple TV+, Google Play Movies"
MOVIE,Harry Potter and the Order of the Phoenix,2007,"Fantasy, Adventure, Family","Max, Amazon Prime Video, Apple TV+, Google Play Movies"
MOVIE,Harry Potter and the Half-Blood Prince,2009,"Fantasy, Adventure, Family","Max, Amazon Prime Video, Apple TV+, Google Play Movies"
MOVIE,Harry Potter and the Deathly Hallows – Part 1,2010,"Fantasy, Adventure, Family","Max, Amazon Prime Video, Apple TV+, Google Play Movies"
MOVIE,Harry Potter and the Deathly Hallows – Part 2,2011,"Fantasy, Adventure, Family","Max, Amazon Prime Video, Apple TV+, Google Play Movies"
MOVIE,Fantastic Beasts and Where to Find Them,2016,"Fantasy, Adventure, Family","Max, Amazon Prime Video, Apple TV+, Google Play Movies"
MOVIE,Fantastic Beasts: The Crimes of Grindelwald,2018,"Fantasy, Adventure, Family","Max, Amazon Prime Video, Apple TV+, Google Play Movies"
MOVIE,Fantastic Beasts: The Secrets of Dumbledore,2022,"Fantasy, Adventure, Family","Max, Amazon Prime Video, Apple TV+, Google Play Movies"
MOVIE,Reservoir Dogs,1992,"Crime, Thriller","Netflix, Amazon Prime Video, Apple TV+, Google Play Movies"
MOVIE,Jackie Brown,1997,"Crime, Drama, Thriller","Netflix, Amazon Prime Video, Apple TV+, Google Play Movies"
MOVIE,Kill Bill: Vol. 1,2003,"Action, Crime, Thriller","Netflix, Amazon Prime Video, Apple TV+, Google Play Movies"
MOVIE,Kill Bill: Vol. 2,2004,"Action, Crime, Thriller","Netflix, Amazon Prime Video, Apple TV+, Google Play Movies"
MOVIE,Death Proof,2007,"Action, Thriller","Netflix, Amazon Prime Video, Apple TV+, Google Play Movies"
MOVIE,Inglourious Basterds,2009,"War, Drama","Netflix, Amazon Prime Video, Apple TV+, Google Play Movies"
MOVIE,Django Unchained,2012,"Western, Drama","Netflix, Amazon Prime Video, Apple TV+, Google Play Movies"
MOVIE,The Hateful Eight,2015,"Western, Drama, Mystery","Netflix, Amazon Prime Video, Apple TV+, Google Play Movies"
MOVIE,Once Upon a Time in Hollywood,2019,"Comedy, Drama","Netflix, Amazon Prime Video, Apple TV+, Google Play Movies"
MOVIE,Duel,1971,Thriller,"Netflix, Amazon Prime Video, Apple TV+, Google Play Movies"
MOVIE,The Sugarland Express,1974,"Crime, Drama","Netflix, Amazon Prime Video, Apple TV+, Google Play Movies"
MOVIE,Jaws,1975,"Thriller, Adventure","Netflix, Amazon Prime Video, Apple TV+, Google Play Movies"
MOVIE,Close Encounters of the Third Kind,1977,"Science Fiction, Drama","Netflix, Amazon Prime Video, Apple TV+, Google Play Movies"
MOVIE,1941,1979,"Comedy, War","Netflix, Amazon Prime Video, Apple TV+, Google Play Movies"
MOVIE,Raiders of the Lost Ark,1981,"Adventure, Action","Netflix, Amazon Prime Video, Apple TV+, Google Play Movies"
MOVIE,E.T. the Extra-Terrestrial,1982,"Science Fiction, Family","Netflix, Amazon Prime Video, Apple TV+, Google Play Movies"
MOVIE,Indiana Jones and the Temple of Doom,1984,"Adventure, Action","Netflix, Amazon Prime Video, Apple TV+, Google Play Movies"
MOVIE,The Color Purple,1985,Drama,"Netflix, Amazon Prime Video, Apple TV+, Google Play Movies"
MOVIE,Empire of the Sun,1987,"Drama, War","Netflix, Amazon Prime Video, Apple TV+, Google Play Movies"
MOVIE,Indiana Jones and the Last Crusade,1989,"Adventure, Action","Netflix, Amazon Prime Video, Apple TV+, Google Play Movies"
MOVIE,Hook,1991,"Fantasy, Adventure, Family","Netflix, Amazon Prime Video, Apple TV+, Google Play Movies"
MOVIE,Jurassic Park,1993,"Science Fiction, Adventure","Netflix, Amazon Prime Video, Apple TV+, Google Play Movies"
MOVIE,Schindler's List,1993,"Drama, History","Netflix, Amazon Prime Video, Apple TV+, Google Play Movies"
MOVIE,The Lost World: Jurassic Park,1997,"Science Fiction, Adventure","Netflix, Amazon Prime Video, Apple TV+, Google Play Movies"
MOVIE,Amistad,1997,"Drama, History","Netflix, Amazon Prime Video, Apple TV+, Google Play Movies"
MOVIE,Saving Private Ryan,1998,"War, Drama","Netflix, Amazon Prime Video, Apple TV+, Google Play Movies"
MOVIE,A.I. Artificial Intelligence,2001,"Science Fiction, Drama","Netflix, Amazon Prime Video, Apple TV+, Google Play Movies"
MOVIE,Minority Report,2002,"Science Fiction, Thriller","Netflix, Amazon Prime Video, Apple TV+, Google Play Movies"
MOVIE,Catch Me If You Can,2002,"Crime, Drama","Netflix, Amazon Prime Video, Apple TV+, Google Play Movies"
MOVIE,The Terminal,2004,"Comedy, Drama","Netflix, Amazon Prime Video, Apple TV+, Google Play Movies"
MOVIE,War of the Worlds,2005,"Science Fiction, Thriller","Netflix, Amazon Prime Video, Apple TV+, Google Play Movies"
MOVIE,Munich,2005,"Drama, History, Thriller","Netflix, Amazon Prime Video, Apple TV+, Google Play Movies"
MOVIE,Indiana Jones and the Kingdom of the Crystal Skull,2008,"Adventure, Action","Netflix, Amazon Prime Video, Apple TV+, Google Play Movies"
MOVIE,The Adventures of Tintin,2011,"Animation, Adventure","Netflix, Amazon Prime Video, Apple TV+, Google Play Movies"
MOVIE,War Horse,2011,"Drama, War","Netflix, Amazon Prime Video, Apple TV+, Google Play Movies"
MOVIE,Lincoln,2012,"Drama, History","Netflix, Amazon Prime Video, Apple TV+, Google Play Movies"
MOVIE,Bridge of Spies,2015,"Drama, Thriller","Netflix, Amazon Prime Video, Apple TV+, Google Play Movies"
MOVIE,The BFG,2016,"Fantasy, Family","Netflix, Amazon Prime Video, Apple TV+, Google Play Movies"
MOVIE,The Post,2017,"Drama, History","Netflix, Amazon Prime Video, Apple TV+, Google Play Movies"
MOVIE,Ready Player One,2018,"Science Fiction, Adventure","Netflix, Amazon Prime Video, Apple TV+, Google Play Movies"
MOVIE,West Side Story,2021,"Drama, Musical","Netflix, Amazon Prime Video, Apple TV+, Google Play Movies"
MOVIE,The Fabelmans,2022,Drama,"Netflix, Amazon Prime Video, Apple TV+, Google Play Movies"
